"Cell line","TCGA classification",Tissue,"Tissue sub-type",IC50,AUC
RPMI-7951,SKCM,skin,melanoma,0.023834,0.463068
HSC-39,STAD,digestive_system,stomach,0.026497,0.474838
NCI-H460,UNCLASSIFIED,lung,lung_NSCLC_large_cell,0.032444,0.503245
KS-1,GBM,nervous_system,glioma,0.033209,0.505739
MDA-MB-453,BRCA,breast,breast,0.036640,0.518229
H4,LGG,nervous_system,glioma,0.037735,0.523219
OE19,ESCA,aero_digestive_tract,oesophagus,0.037814,0.520673
D-336MG,LGG,nervous_system,glioma,0.038264,0.523371
A549,LUAD,lung,lung_NSCLC_adenocarcinoma,0.040071,0.527859
SW48,COREAD,digestive_system,large_intestine,0.042169,0.533482
MV-4-11,UNCLASSIFIED,blood,leukemia,0.043343,0.544897
MDA-MB-361,BRCA,breast,breast,0.044158,0.543167
MDA-MB-330,BRCA,breast,breast,0.045562,0.541467
KYSE-150,ESCA,aero_digestive_tract,oesophagus,0.045705,0.545267
DOK,HNSC,aero_digestive_tract,head_and_neck,0.045919,0.543884
MZ2-MEL,SKCM,skin,melanoma,0.047774,0.551546
IST-MEL1,SKCM,skin,melanoma,0.049373,0.550517
NCI-H1703,UNCLASSIFIED,lung,lung_NSCLC_adenocarcinoma,0.049766,0.556914
WM-115,SKCM,skin,melanoma,0.050166,0.551536
FADU,HNSC,aero_digestive_tract,head_and_neck,0.051149,0.561283
C32,SKCM,skin,melanoma,0.051519,0.559430
HCC-44,LUAD,lung,lung_NSCLC_adenocarcinoma,0.051539,0.560226
LU-134-A,SCLC,lung,lung_small_cell_carcinoma,0.051602,0.563148
NCI-H2170,LUSC,lung,lung_NSCLC_squamous_cell_carcinoma,0.052394,0.562665
NCI-H2110,UNCLASSIFIED,lung,lung_NSCLC_not_specified,0.053482,0.568268
BONNA-12,-,blood,hairy_cell_leukaemia,0.054097,0.571035
KP-4,PAAD,pancreas,pancreas,0.054364,0.571956
SW982,UNCLASSIFIED,soft_tissue,soft_tissue_other,0.055102,0.566965
SR,UNCLASSIFIED,blood,lymphoid_neoplasm_other,0.055672,0.580081
HuO9,UNCLASSIFIED,bone,osteosarcoma,0.056281,0.574985
WM278,SKCM,skin,melanoma,0.057546,0.564813
A2780,UNCLASSIFIED,urogenital_system,ovary,0.059256,0.575792
CAL-39,CESC,urogenital_system,cervix,0.060369,0.580611
OCI-AML2,LAML,blood,acute_myeloid_leukaemia,0.061756,0.594829
PCI-15A,HNSC,aero_digestive_tract,head_and_neck,0.066153,0.597848
SNU-16,STAD,digestive_system,stomach,0.067349,0.603890
NCI-H1915,UNCLASSIFIED,lung,lung_NSCLC_large_cell,0.067423,0.581907
NB4,LAML,blood,acute_myeloid_leukaemia,0.067492,0.608074
LOXIMVI,SKCM,skin,melanoma,0.069447,0.599247
GP5d,COREAD,digestive_system,large_intestine,0.070256,0.603388
KMS-11,MM,blood,myeloma,0.071697,0.608304
AGS,STAD,digestive_system,stomach,0.072329,0.604943
HCC1806,UNCLASSIFIED,breast,breast,0.072688,0.610760
WM793B,SKCM,skin,melanoma,0.072741,0.600518
HT-29,COREAD,digestive_system,large_intestine,0.073364,0.598153
BB30-HNC,HNSC,aero_digestive_tract,head_and_neck,0.074469,0.615793
DSH1,BLCA,urogenital_system,bladder,0.075285,0.602694
PC-14,LUAD,lung,lung_NSCLC_adenocarcinoma,0.075332,0.603951
HO-1-u-1,HNSC,aero_digestive_tract,head_and_neck,0.075536,0.606890
JHU-011,HNSC,aero_digestive_tract,head_and_neck,0.075605,0.610833
SK-UT-1,UNCLASSIFIED,soft_tissue,soft_tissue_other,0.076231,0.612712
DEL,UNCLASSIFIED,blood,lymphoid_neoplasm_other,0.078648,0.627926
DOV13,OV,urogenital_system,ovary,0.078676,0.618232
TGBC11TKB,STAD,digestive_system,stomach,0.079244,0.611324
EPLC-272H,LUSC,lung,lung_NSCLC_squamous_cell_carcinoma,0.079245,0.608899
OCUM-1,STAD,digestive_system,stomach,0.080191,0.601759
SU-DHL-16,DLBC,blood,B_cell_lymphoma,0.081645,0.635685
COLO-824,BRCA,breast,breast,0.084750,0.620601
CP50-MEL-B,SKCM,skin,melanoma,0.085221,0.626539
Hep3B2-1-7,LIHC,digestive_system,liver,0.086364,0.633785
BC-1,DLBC,blood,B_cell_lymphoma,0.086882,0.639768
ML-2,LAML,blood,acute_myeloid_leukaemia,0.086934,0.638962
HSC-2,HNSC,aero_digestive_tract,head_and_neck,0.087236,0.631187
NCI-H1734,LUAD,lung,lung_NSCLC_adenocarcinoma,0.088639,0.638919
DU-4475,BRCA,breast,breast,0.089482,0.645739
NCI-H3122,LUAD,lung,lung_NSCLC_adenocarcinoma,0.089750,0.619157
JURL-MK1,LCML,blood,chronic_myeloid_leukaemia,0.090237,0.644211
NCI-H1792,LUAD,lung,lung_NSCLC_adenocarcinoma,0.091380,0.637996
CAL-29,BLCA,urogenital_system,bladder,0.092476,0.635681
KON,HNSC,aero_digestive_tract,head_and_neck,0.092756,0.640766
HSC-3,HNSC,aero_digestive_tract,head_and_neck,0.093084,0.636532
RCC-JF,KIRC,kidney,kidney,0.095831,0.636549
HO-1-N-1,HNSC,aero_digestive_tract,head_and_neck,0.097021,0.644459
IHH-4,THCA,thyroid,thyroid,0.098745,0.644836
NCI-H2795,MESO,lung,mesothelioma,0.098948,0.637352
SW684,UNCLASSIFIED,soft_tissue,fibrosarcoma,0.100485,0.617492
KYSE-180,ESCA,aero_digestive_tract,oesophagus,0.101911,0.655080
AMO-1,MM,blood,haematopoietic_neoplasm_other,0.102783,0.661794
COLO-205,COREAD,digestive_system,large_intestine,0.105609,0.642870
NCI-H211,SCLC,lung,lung_small_cell_carcinoma,0.108562,0.663450
C-4-I,CESC,urogenital_system,cervix,0.108633,0.660065
RT4,BLCA,urogenital_system,bladder,0.108698,0.654461
D-247MG,GBM,nervous_system,glioma,0.110198,0.638634
C3A,LIHC,digestive_system,liver,0.110305,0.627222
T98G,GBM,nervous_system,glioma,0.110534,0.655183
GAMG,LGG,nervous_system,glioma,0.111086,0.649678
KOPN-8,UNCLASSIFIED,blood,B_cell_leukemia,0.112323,0.668755
M059J,GBM,nervous_system,glioma,0.112576,0.645052
OV-90,OV,urogenital_system,ovary,0.114033,0.629810
YH-13,GBM,nervous_system,glioma,0.116605,0.653366
NCI-H1755,LUAD,lung,lung_NSCLC_adenocarcinoma,0.117606,0.648250
PCI-30,HNSC,aero_digestive_tract,head_and_neck,0.117798,0.642651
SK-CO-1,COREAD,digestive_system,large_intestine,0.119447,0.658722
G-402,UNCLASSIFIED,soft_tissue,soft_tissue_other,0.119453,0.654798
SW620,COREAD,digestive_system,large_intestine,0.119740,0.646500
HCC2998,COREAD,digestive_system,large_intestine,0.121289,0.673911
CAL-51,BRCA,breast,breast,0.121655,0.661838
AN3-CA,UCEC,urogenital_system,endometrium,0.123083,0.671857
BFTC-909,KIRC,kidney,kidney,0.123551,0.670780
MOG-G-CCM,LGG,nervous_system,glioma,0.124410,0.651728
CCK-81,COREAD,digestive_system,large_intestine,0.124962,0.672754
WIL2-NS,UNCLASSIFIED,blood,lymphoid_neoplasm_other,0.127449,0.687043
TE-15,ESCA,aero_digestive_tract,oesophagus,0.131004,0.667531
NCI-H358,LUAD,lung,lung_NSCLC_adenocarcinoma,0.133785,0.648497
TCCSUP,BLCA,urogenital_system,bladder,0.134143,0.664108
SCC-9,HNSC,aero_digestive_tract,head_and_neck,0.134676,0.670831
JVM-2,CLL,blood,lymphoid_neoplasm_other,0.134833,0.675638
MOLM-13,LAML,blood,acute_myeloid_leukaemia,0.137227,0.705714
NKM-1,LAML,blood,acute_myeloid_leukaemia,0.138868,0.686099
D-566MG,GBM,nervous_system,glioma,0.140823,0.696474
SK-MEL-24,SKCM,skin,melanoma,0.141152,0.664977
HGC-27,STAD,digestive_system,stomach,0.141277,0.695044
huH-1,LIHC,digestive_system,liver,0.141862,0.665240
BFTC-905,BLCA,urogenital_system,bladder,0.142078,0.689695
MIA-PaCa-2,PAAD,pancreas,pancreas,0.144020,0.685023
OSC-19,HNSC,aero_digestive_tract,head_and_neck,0.145439,0.687844
Caov-3,OV,urogenital_system,ovary,0.147374,0.680449
Hs-683,LGG,nervous_system,glioma,0.149834,0.694523
CaR-1,COREAD,digestive_system,large_intestine,0.150263,0.686510
LS-513,COREAD,digestive_system,large_intestine,0.151773,0.684577
RPMI-8866,LCML,blood,chronic_myeloid_leukaemia,0.152654,0.711201
SAS,HNSC,aero_digestive_tract,head_and_neck,0.154754,0.690186
HT55,COREAD,digestive_system,large_intestine,0.159371,0.682753
PCI-6A,HNSC,aero_digestive_tract,head_and_neck,0.160695,0.701724
NCI-H647,UNCLASSIFIED,lung,lung_NSCLC_not_specified,0.161471,0.688003
BC-3,DLBC,blood,B_cell_lymphoma,0.163102,0.731885
SW1783,LGG,nervous_system,glioma,0.163867,0.695497
RERF-LC-Sq1,LUSC,lung,lung_NSCLC_squamous_cell_carcinoma,0.164272,0.691516
UACC-62,SKCM,skin,melanoma,0.164708,0.695246
SNU-175,COREAD,digestive_system,large_intestine,0.164989,0.702794
YT,ALL,blood,lymphoid_neoplasm_other,0.165398,0.722417
MES-SA,UNCLASSIFIED,urogenital_system,uterus,0.165675,0.703716
TOV-21G,OV,urogenital_system,ovary,0.168327,0.684384
SNU-1,STAD,digestive_system,stomach,0.169059,0.711973
DG-75,UNCLASSIFIED,blood,Burkitt_lymphoma,0.169465,0.713001
NCI-H2373,MESO,lung,mesothelioma,0.170064,0.677336
TE-11,ESCA,aero_digestive_tract,oesophagus,0.170603,0.717001
CAL-148,BRCA,breast,breast,0.171202,0.711695
L-363,MM,blood,myeloma,0.171347,0.735022
EC-GI-10,ESCA,aero_digestive_tract,oesophagus,0.173703,0.708435
UACC-893,BRCA,breast,breast,0.174392,0.703792
NB69,NB,nervous_system,neuroblastoma,0.174794,0.703368
BICR22,HNSC,aero_digestive_tract,head_and_neck,0.174866,0.713894
Hs-578-T,BRCA,breast,breast,0.176007,0.697169
BxPC-3,PAAD,pancreas,pancreas,0.177261,0.694934
MDST8,COREAD,digestive_system,large_intestine,0.177446,0.710644
SF539,LGG,nervous_system,glioma,0.178617,0.721078
COLO-792,SKCM,skin,melanoma,0.182521,0.710610
JHU-022,HNSC,aero_digestive_tract,head_and_neck,0.182549,0.673035
MOLM-16,LAML,blood,acute_myeloid_leukaemia,0.183433,0.736258
Hs-939-T,SKCM,skin,melanoma,0.183592,0.697943
LXF-289,LUAD,lung,lung_NSCLC_adenocarcinoma,0.183703,0.716999
BB65-RCC,KIRC,kidney,kidney,0.184043,0.716626
CESS,LAML,blood,acute_myeloid_leukaemia,0.184079,0.730710
LU-99A,UNCLASSIFIED,lung,lung_NSCLC_large_cell,0.184558,0.671280
NCI-H2122,LUAD,lung,lung_NSCLC_adenocarcinoma,0.185396,0.726381
ME-180,CESC,urogenital_system,cervix,0.186746,0.709794
SLVL,DLBC,blood,B_cell_lymphoma,0.187325,0.723400
SKM-1,UNCLASSIFIED,blood,haematopoietic_neoplasm_other,0.189395,0.742676
JSC-1,DLBC,blood,B_cell_lymphoma,0.190077,0.736372
RKO,COREAD,digestive_system,large_intestine,0.191015,0.724912
EVSA-T,BRCA,breast,breast,0.195338,0.738848
DiFi,COREAD,digestive_system,large_intestine,0.196180,0.713234
OMC-1,CESC,urogenital_system,cervix,0.196466,0.711483
AM-38,GBM,nervous_system,glioma,0.197616,0.718040
OC-314,OV,urogenital_system,ovary,0.198756,0.733580
SUP-HD1,UNCLASSIFIED,blood,Hodgkin_lymphoma,0.199591,0.712551
SW1990,PAAD,pancreas,pancreas,0.201047,0.709140
SUP-M2,UNCLASSIFIED,blood,anaplastic_large_cell_lymphoma,0.201446,0.763625
NCI-H1944,LUAD,lung,lung_NSCLC_adenocarcinoma,0.204188,0.700452
NCI-H2369,MESO,lung,mesothelioma,0.205777,0.722640
LB996-RCC,KIRC,kidney,kidney,0.207433,0.707066
KCL-22,LCML,blood,chronic_myeloid_leukaemia,0.207448,0.746950
H9,UNCLASSIFIED,blood,lymphoid_neoplasm_other,0.208520,0.761240
IM-9,MM,blood,myeloma,0.209333,0.755868
KM12,COREAD,digestive_system,large_intestine,0.209517,0.720981
42-MG-BA,GBM,nervous_system,glioma,0.209820,0.728804
KOSC-2,HNSC,aero_digestive_tract,head_and_neck,0.211404,0.738461
IPC-298,SKCM,skin,melanoma,0.212109,0.727880
SK-MEL-28,SKCM,skin,melanoma,0.212374,0.715477
EMC-BAC-1,LUAD,lung,lung_NSCLC_adenocarcinoma,0.213044,0.721763
NCI-H1155,UNCLASSIFIED,lung,lung_NSCLC_large_cell,0.214732,0.740895
L-1236,UNCLASSIFIED,blood,Hodgkin_lymphoma,0.215180,0.744206
PE-CA-PJ15,HNSC,aero_digestive_tract,head_and_neck,0.216872,0.727475
ARH-77,MM,blood,myeloma,0.217057,0.750471
T-T,ESCA,aero_digestive_tract,oesophagus,0.217340,0.739067
NTERA-2-cl-D1,UNCLASSIFIED,urogenital_system,testis,0.218724,0.728282
RERF-LC-MS,LUAD,lung,lung_NSCLC_adenocarcinoma,0.218770,0.737693
LAMA-84,LCML,blood,chronic_myeloid_leukaemia,0.219615,0.762261
CHP-212,NB,nervous_system,neuroblastoma,0.220361,0.732044
MONO-MAC-6,LAML,blood,acute_myeloid_leukaemia,0.220968,0.752283
OV-7,OV,urogenital_system,ovary,0.224239,0.734225
NCI-H2009,LUAD,lung,lung_NSCLC_adenocarcinoma,0.226703,0.724105
HCC2157,BRCA,breast,breast,0.226848,0.756661
SU-DHL-5,DLBC,blood,B_cell_lymphoma,0.231101,0.783923
A172,GBM,nervous_system,glioma,0.231122,0.729588
LU-65,UNCLASSIFIED,lung,lung_NSCLC_large_cell,0.231210,0.709825
TE-1,ESCA,aero_digestive_tract,oesophagus,0.232429,0.717628
SK-MG-1,GBM,nervous_system,glioma,0.234824,0.727951
K5,THCA,thyroid,thyroid,0.234852,0.730742
SBC-5,SCLC,lung,lung_small_cell_carcinoma,0.235490,0.756760
COR-L32,SCLC,lung,lung_small_cell_carcinoma,0.236598,0.746396
A427,UNCLASSIFIED,lung,lung_NSCLC_not_specified,0.237981,0.756450
TE-4,ESCA,aero_digestive_tract,oesophagus,0.241129,0.756872
JVM-3,CLL,blood,lymphoid_neoplasm_other,0.244385,0.758035
KYM-1,UNCLASSIFIED,soft_tissue,rhabdomyosarcoma,0.244747,0.757309
Detroit562,HNSC,aero_digestive_tract,head_and_neck,0.246433,0.749636
SW954,UNCLASSIFIED,urogenital_system,urogenital_system_other,0.249838,0.756982
639-V,BLCA,urogenital_system,bladder,0.250301,0.754345
SCC-4,HNSC,aero_digestive_tract,head_and_neck,0.253708,0.737343
OSC-20,HNSC,aero_digestive_tract,head_and_neck,0.254166,0.729189
NCI-H1993,LUAD,lung,lung_NSCLC_adenocarcinoma,0.255741,0.734084
A3-KAW,DLBC,blood,B_cell_lymphoma,0.257057,0.785377
YKG-1,GBM,nervous_system,glioma,0.267574,0.746414
SKN,UNCLASSIFIED,urogenital_system,uterus,0.267973,0.729696
TUR,DLBC,blood,B_cell_lymphoma,0.268311,0.792181
HC-1,UNCLASSIFIED,blood,hairy_cell_leukaemia,0.269493,0.773268
SNU-5,STAD,digestive_system,stomach,0.271561,0.763352
DJM-1,UNCLASSIFIED,skin,skin_other,0.272632,0.760407
MRK-nu-1,BRCA,breast,breast,0.272866,0.783074
LS-411N,COREAD,digestive_system,large_intestine,0.273768,0.735378
A431,UNCLASSIFIED,skin,skin_other,0.274867,0.748450
NCI-H1975,LUAD,lung,lung_NSCLC_adenocarcinoma,0.275299,0.738596
A375,SKCM,skin,melanoma,0.279255,0.756002
ESS-1,UNCLASSIFIED,urogenital_system,endometrium,0.279909,0.775525
Daoy,MB,nervous_system,medulloblastoma,0.279986,0.769075
NCI-H1341,SCLC,lung,lung_small_cell_carcinoma,0.280211,0.765002
MKN45,STAD,digestive_system,stomach,0.283193,0.732040
NCI-H2030,LUAD,lung,lung_NSCLC_adenocarcinoma,0.288600,0.736278
SU-DHL-1,UNCLASSIFIED,blood,anaplastic_large_cell_lymphoma,0.289662,0.777711
NCI-H838,LUAD,lung,lung_NSCLC_adenocarcinoma,0.293980,0.764074
NCI-H1666,LUAD,lung,lung_NSCLC_adenocarcinoma,0.294149,0.711770
SW872,UNCLASSIFIED,soft_tissue,soft_tissue_other,0.294925,0.746701
D-283MED,MB,nervous_system,medulloblastoma,0.298642,0.785380
FLO-1,ESCA,aero_digestive_tract,oesophagus,0.299718,0.750436
TE-10,ESCA,aero_digestive_tract,oesophagus,0.300421,0.774120
OACp4C,ESCA,aero_digestive_tract,oesophagus,0.302168,0.763492
KU-19-19,BLCA,urogenital_system,bladder,0.307431,0.776101
HARA,LUSC,lung,lung_NSCLC_squamous_cell_carcinoma,0.308235,0.764941
SF295,GBM,nervous_system,glioma,0.310982,0.758747
Hey,OV,urogenital_system,ovary,0.311665,0.741430
SH-4,SKCM,skin,melanoma,0.311830,0.752783
LN-18,GBM,nervous_system,glioma,0.315522,0.771710
SW837,COREAD,digestive_system,large_intestine,0.315917,0.755115
G-MEL,SKCM,skin,melanoma,0.316243,0.799880
KY821,LAML,blood,leukemia,0.317426,0.798920
RCC-JW,KIRC,kidney,kidney,0.319326,0.753522
KU812,LCML,blood,chronic_myeloid_leukaemia,0.319513,0.785972
HCC1419,BRCA,breast,breast,0.322027,0.782678
NCI-H2023,LUAD,lung,lung_NSCLC_adenocarcinoma,0.322102,0.745606
MC116,DLBC,blood,B_cell_lymphoma,0.323323,0.823669
CFPAC-1,PAAD,pancreas,pancreas,0.324147,0.740036
PA-TU-8988T,PAAD,pancreas,pancreas,0.326690,0.772319
NCI-H716,COREAD,digestive_system,large_intestine,0.327359,0.753091
LB2518-MEL,SKCM,skin,melanoma,0.331928,0.776043
EMC-BAC-2,LUAD,lung,lung_NSCLC_adenocarcinoma,0.332288,0.753720
A388,UNCLASSIFIED,skin,skin_other,0.335810,0.762478
MHH-ES-1,UNCLASSIFIED,bone,ewings_sarcoma,0.336946,0.781189
MPP-89,MESO,lung,mesothelioma,0.339263,0.767703
KMS-12-BM,MM,blood,myeloma,0.342104,0.819276
K-562,LCML,blood,chronic_myeloid_leukaemia,0.342490,0.789399
OE21,ESCA,aero_digestive_tract,oesophagus,0.343899,0.763697
TC-YIK,UNCLASSIFIED,urogenital_system,cervix,0.346288,0.795457
NCI-H2196,SCLC,lung,lung_small_cell_carcinoma,0.346917,0.768181
VA-ES-BJ,UNCLASSIFIED,soft_tissue,soft_tissue_other,0.347774,0.753364
HDQ-P1,BRCA,breast,breast,0.353400,0.769427
NCI-H508,COREAD,digestive_system,large_intestine,0.353928,0.769274
NCI-H2810,MESO,lung,mesothelioma,0.354533,0.777891
LoVo,COREAD,digestive_system,large_intestine,0.354788,0.754069
MFM-223,BRCA,breast,breast,0.357143,0.739714
NCI-H747,COREAD,digestive_system,large_intestine,0.358374,0.734762
PWR-1E,PRAD,urogenital_system,prostate,0.359765,0.792773
HCC-15,LUSC,lung,lung_NSCLC_squamous_cell_carcinoma,0.360503,0.774394
Hs-445,UNCLASSIFIED,blood,Hodgkin_lymphoma,0.363987,0.803113
HDLM-2,UNCLASSIFIED,blood,Hodgkin_lymphoma,0.364463,0.793236
K2,SKCM,skin,melanoma,0.366168,0.766396
BPH-1,UNCLASSIFIED,urogenital_system,prostate,0.367514,0.761457
RCC-FG2,KIRC,kidney,kidney,0.368543,0.776872
NCI-H2461,MESO,lung,mesothelioma,0.369273,0.733254
SKG-IIIa,CESC,urogenital_system,cervix,0.369294,0.749147
GI-1,LGG,nervous_system,glioma,0.372129,0.805414
A253,UNCLASSIFIED,aero_digestive_tract,head_and_neck,0.377204,0.803613
JIMT-1,BRCA,breast,breast,0.377423,0.794334
NCI-H1781,LUAD,lung,lung_NSCLC_adenocarcinoma,0.379528,0.771230
HT-144,SKCM,skin,melanoma,0.381769,0.791898
KASUMI-1,LAML,blood,acute_myeloid_leukaemia,0.382090,0.827915
SCC90,HNSC,aero_digestive_tract,head_and_neck,0.383038,0.762249
SCC-3,DLBC,blood,B_cell_lymphoma,0.384115,0.831874
ESO51,ESCA,aero_digestive_tract,oesophagus,0.384360,0.773661
MOLP-8,MM,blood,myeloma,0.385119,0.816350
ATN-1,ALL,blood,lymphoblastic_T_cell_leukaemia,0.388988,0.829799
HCC1569,BRCA,breast,breast,0.389455,0.787688
NCI-H929,MM,blood,myeloma,0.392037,0.816250
CTV-1,LAML,blood,acute_myeloid_leukaemia,0.393377,0.839097
769-P,KIRC,kidney,kidney,0.394780,0.781725
DAN-G,PAAD,pancreas,pancreas,0.396209,0.787716
NCI-H322M,LUAD,lung,lung_NSCLC_adenocarcinoma,0.396422,0.765337
GDM-1,LAML,blood,acute_myeloid_leukaemia,0.397613,0.801558
Farage,DLBC,blood,B_cell_lymphoma,0.397752,0.834015
PANC-02-03,PAAD,pancreas,pancreas,0.398245,0.740560
OCI-AML5,LAML,blood,acute_myeloid_leukaemia,0.398732,0.832505
NCI-H1355,LUAD,lung,lung_NSCLC_adenocarcinoma,0.401211,0.748928
786-0,KIRC,kidney,kidney,0.403866,0.787738
NCI-H292,UNCLASSIFIED,lung,lung_NSCLC_adenocarcinoma,0.404997,0.785133
U-2-OS,UNCLASSIFIED,bone,osteosarcoma,0.406368,0.796037
SAT,HNSC,aero_digestive_tract,head_and_neck,0.407440,0.771180
IM-95,STAD,digestive_system,stomach,0.407456,0.793130
NCI-H2228,LUAD,lung,lung_NSCLC_adenocarcinoma,0.409727,0.752111
NCI-H510A,SCLC,lung,lung_small_cell_carcinoma,0.409798,0.822230
OVCA433,OV,urogenital_system,ovary,0.410263,0.770775
NCI-H1437,LUAD,lung,lung_NSCLC_adenocarcinoma,0.410775,0.795612
PCI-4B,HNSC,aero_digestive_tract,head_and_neck,0.412627,0.796809
KYSE-510,ESCA,aero_digestive_tract,oesophagus,0.412643,0.818189
PL4,PAAD,pancreas,pancreas,0.414342,0.777739
DU-145,PRAD,urogenital_system,prostate,0.415654,0.780675
D-245MG,GBM,nervous_system,glioma,0.416501,0.768145
EM-2,LCML,blood,chronic_myeloid_leukaemia,0.416856,0.826212
OCI-LY7,DLBC,blood,B_cell_lymphoma,0.417931,0.846662
NCI-H1299,UNCLASSIFIED,lung,lung_NSCLC_large_cell,0.419832,0.778782
NCI-H1650,LUAD,lung,lung_NSCLC_adenocarcinoma,0.426017,0.753360
WM1552C,SKCM,skin,melanoma,0.426374,0.786492
SK-ES-1,UNCLASSIFIED,bone,ewings_sarcoma,0.426794,0.822941
MFE-319,UCEC,urogenital_system,endometrium,0.427069,0.798835
OVK-18,OV,urogenital_system,ovary,0.430982,0.786697
8-MG-BA,GBM,nervous_system,glioma,0.434891,0.818691
NCI-H720,UNCLASSIFIED,lung,lung_NSCLC_carcinoid,0.435021,0.810740
KYSE-520,ESCA,aero_digestive_tract,oesophagus,0.435881,0.748163
U-698-M,UNCLASSIFIED,blood,B_cell_leukemia,0.436625,0.827856
LU-135,SCLC,lung,lung_small_cell_carcinoma,0.436840,0.811914
RXF393,KIRC,kidney,kidney,0.437396,0.789111
TE-6,ESCA,aero_digestive_tract,oesophagus,0.437533,0.776578
SK-MES-1,LUSC,lung,lung_NSCLC_squamous_cell_carcinoma,0.441440,0.788870
COR-L303,SCLC,lung,lung_small_cell_carcinoma,0.447195,0.825148
TOV-112D,OV,urogenital_system,ovary,0.448889,0.818560
Becker,GBM,nervous_system,glioma,0.449069,0.792798
NCI-H1048,SCLC,lung,lung_small_cell_carcinoma,0.451592,0.813917
CRO-AP2,DLBC,blood,B_cell_lymphoma,0.452279,0.846752
ETK-1,UNCLASSIFIED,digestive_system,biliary_tract,0.455798,0.796941
SW948,COREAD,digestive_system,large_intestine,0.457067,0.789357
CAL-85-1,BRCA,breast,breast,0.457599,0.800222
HCC38,BRCA,breast,breast,0.463005,0.786987
KARPAS-299,UNCLASSIFIED,blood,anaplastic_large_cell_lymphoma,0.467088,0.833739
TYK-nu,UNCLASSIFIED,urogenital_system,ovary,0.469704,0.765430
GA-10,UNCLASSIFIED,blood,Burkitt_lymphoma,0.474522,0.831082
KE-37,ALL,blood,lymphoblastic_leukemia,0.477590,0.860678
ESO26,ESCA,aero_digestive_tract,oesophagus,0.477632,0.805416
IGROV-1,OV,urogenital_system,ovary,0.479452,0.782042
SW962,UNCLASSIFIED,urogenital_system,urogenital_system_other,0.484640,0.801299
5637,BLCA,urogenital_system,bladder,0.485835,0.801155
CS1,UNCLASSIFIED,bone,bone_other,0.490316,0.783533
GI-ME-N,NB,nervous_system,neuroblastoma,0.491444,0.777840
RPMI-6666,UNCLASSIFIED,blood,Hodgkin_lymphoma,0.493847,0.817837
HCT-15,COREAD,digestive_system,large_intestine,0.498286,0.814428
EW-7,UNCLASSIFIED,bone,ewings_sarcoma,0.500329,0.834532
OACM5-1,ESCA,aero_digestive_tract,oesophagus,0.500662,0.794308
RT-112,BLCA,urogenital_system,bladder,0.502190,0.815191
NCI-H23,LUAD,lung,lung_NSCLC_adenocarcinoma,0.502900,0.829382
MS751,CESC,urogenital_system,cervix,0.506945,0.835482
MOG-G-UVW,LGG,nervous_system,glioma,0.507087,0.826428
NUGC-3,STAD,digestive_system,stomach,0.509370,0.795466
RL,DLBC,blood,B_cell_lymphoma,0.513198,0.835797
RD,UNCLASSIFIED,soft_tissue,rhabdomyosarcoma,0.515970,0.802933
LN-229,GBM,nervous_system,glioma,0.517220,0.803744
TE-12,ESCA,aero_digestive_tract,oesophagus,0.525676,0.781304
NB5,NB,nervous_system,neuroblastoma,0.526187,0.804759
U-118-MG,GBM,nervous_system,glioma,0.526924,0.783482
Ca-Ski,CESC,urogenital_system,cervix,0.526945,0.812572
BV-173,LCML,blood,chronic_myeloid_leukaemia,0.528414,0.843963
G-401,UNCLASSIFIED,kidney,kidney,0.528800,0.796893
ASH-3,THCA,thyroid,thyroid,0.531623,0.821518
no-10,LGG,nervous_system,glioma,0.532019,0.808519
PL-21,LAML,blood,acute_myeloid_leukaemia,0.538964,0.841026
OVCAR-8,OV,urogenital_system,ovary,0.541177,0.843207
KMRC-20,KIRC,kidney,kidney,0.544690,0.806773
KYSE-270,ESCA,aero_digestive_tract,oesophagus,0.546263,0.825175
PSN1,PAAD,pancreas,pancreas,0.546489,0.799711
SW1088,GBM,nervous_system,glioma,0.547811,0.787818
HCC2218,BRCA,breast,breast,0.550583,0.844002
ES8,UNCLASSIFIED,bone,ewings_sarcoma,0.551592,0.856864
SUP-T1,ALL,blood,lymphoblastic_T_cell_leukaemia,0.554535,0.820320
HT-1080,UNCLASSIFIED,soft_tissue,fibrosarcoma,0.554950,0.800131
HCE-4,ESCA,aero_digestive_tract,oesophagus,0.555330,0.843618
KARPAS-422,DLBC,blood,B_cell_lymphoma,0.561169,0.830574
NY,UNCLASSIFIED,bone,osteosarcoma,0.561972,0.819257
COLO-679,SKCM,skin,melanoma,0.575047,0.802813
SU-DHL-10,DLBC,blood,B_cell_lymphoma,0.575640,0.886003
LS-180,COREAD,digestive_system,large_intestine,0.576597,0.802412
CHL-1,SKCM,skin,melanoma,0.582012,0.822491
U251,GBM,nervous_system,glioma,0.582279,0.814907
LOU-NH91,LUSC,lung,lung_NSCLC_squamous_cell_carcinoma,0.585710,0.808362
HOP-62,LUAD,lung,lung_NSCLC_adenocarcinoma,0.589239,0.793639
WM35,SKCM,skin,melanoma,0.600702,0.821020
NCI-H522,LUAD,lung,lung_NSCLC_adenocarcinoma,0.603135,0.832513
EBC-1,LUSC,lung,lung_NSCLC_squamous_cell_carcinoma,0.611310,0.812723
EoL-1-cell,UNCLASSIFIED,blood,haematopoietic_neoplasm_other,0.611355,0.887682
MFH-ino,UNCLASSIFIED,soft_tissue,soft_tissue_other,0.617208,0.781717
NCI-H2171,SCLC,lung,lung_small_cell_carcinoma,0.618289,0.884973
Hs-746T,STAD,digestive_system,stomach,0.620677,0.795635
ALL-PO,ALL,blood,lymphoblastic_leukemia,0.626441,0.878691
QIMR-WIL,LAML,blood,acute_myeloid_leukaemia,0.630140,0.881682
KARPAS-45,ALL,blood,lymphoblastic_leukemia,0.631945,0.880231
NCI-H1770,UNCLASSIFIED,lung,lung_NSCLC_not_specified,0.632847,0.863387
SUP-B8,UNCLASSIFIED,blood,B_cell_leukemia,0.639246,0.891654
LB831-BLC,BLCA,urogenital_system,bladder,0.639430,0.828857
GAK,SKCM,skin,melanoma,0.639981,0.840176
COLO-668,SCLC,lung,lung_small_cell_carcinoma,0.646363,0.838103
OCI-AML3,LAML,blood,acute_myeloid_leukaemia,0.646562,0.856900
DoTc2-4510,CESC,urogenital_system,cervix,0.651525,0.821981
KM-H2,UNCLASSIFIED,blood,Hodgkin_lymphoma,0.652265,0.868726
CAL-12T,UNCLASSIFIED,lung,lung_NSCLC_not_specified,0.653370,0.833587
OPM-2,MM,blood,myeloma,0.655720,0.880784
D-423MG,GBM,nervous_system,glioma,0.662435,0.845552
MEL-JUSO,SKCM,skin,melanoma,0.662509,0.836760
DOHH-2,DLBC,blood,B_cell_lymphoma,0.666006,0.928646
Calu-6,LUAD,lung,lung_NSCLC_adenocarcinoma,0.666492,0.799686
TE-441-T,UNCLASSIFIED,soft_tissue,rhabdomyosarcoma,0.666951,0.832926
BICR31,HNSC,aero_digestive_tract,head_and_neck,0.667573,0.866855
NK-92MI,UNCLASSIFIED,blood,lymphoid_neoplasm_other,0.667940,0.902427
HCC1937,BRCA,breast,breast,0.670689,0.812939
KNS-62,LUSC,lung,lung_NSCLC_squamous_cell_carcinoma,0.673286,0.833605
HOP-92,UNCLASSIFIED,lung,lung_NSCLC_large_cell,0.675820,0.813595
TE-9,ESCA,aero_digestive_tract,oesophagus,0.676609,0.846115
CAL-27,HNSC,aero_digestive_tract,head_and_neck,0.677863,0.830714
MDA-MB-175-VII,BRCA,breast,breast,0.678366,0.764988
MM1S,MM,blood,myeloma,0.683435,0.891076
CAL-62,THCA,thyroid,thyroid,0.685066,0.838754
JHU-029,HNSC,aero_digestive_tract,head_and_neck,0.686154,0.841841
LCLC-97TM1,UNCLASSIFIED,lung,lung_NSCLC_large_cell,0.687002,0.850305
TE-8,ESCA,aero_digestive_tract,oesophagus,0.688418,0.814745
JiyoyeP-2003,UNCLASSIFIED,blood,Burkitt_lymphoma,0.695990,0.868040
HCT-116,COREAD,digestive_system,large_intestine,0.696700,0.853250
BALL-1,UNCLASSIFIED,blood,B_cell_leukemia,0.697260,0.894710
HLE,LIHC,digestive_system,liver,0.699447,0.843054
STS-0421,UNCLASSIFIED,soft_tissue,soft_tissue_other,0.702825,0.845147
LK-2,LUSC,lung,lung_NSCLC_squamous_cell_carcinoma,0.703695,0.830562
L-540,UNCLASSIFIED,blood,Hodgkin_lymphoma,0.707678,0.877911
JJN-3,MM,blood,haematopoietic_neoplasm_other,0.708821,0.890541
KP-N-RT-BM-1,NB,nervous_system,neuroblastoma,0.710516,0.845773
WSU-DLCL2,DLBC,blood,B_cell_lymphoma,0.726627,0.894390
ES7,UNCLASSIFIED,bone,ewings_sarcoma,0.730134,0.860679
BHT-101,THCA,thyroid,thyroid,0.737017,0.846515
NCI-H2087,LUAD,lung,lung_NSCLC_adenocarcinoma,0.738415,0.813929
OE33,ESCA,aero_digestive_tract,oesophagus,0.739452,0.814574
NCI-H1648,LUAD,lung,lung_NSCLC_adenocarcinoma,0.739737,0.834118
LC-1-sq,LUSC,lung,lung_NSCLC_squamous_cell_carcinoma,0.745572,0.835938
MDA-MB-415,BRCA,breast,breast,0.745881,0.866412
DMS-273,SCLC,lung,lung_small_cell_carcinoma,0.746370,0.850300
RERF-LC-KJ,LUAD,lung,lung_NSCLC_adenocarcinoma,0.749657,0.849052
PF-382,ALL,blood,lymphoblastic_T_cell_leukaemia,0.752561,0.873803
NCI-H847,SCLC,lung,lung_small_cell_carcinoma,0.766574,0.890394
PA-1,UNCLASSIFIED,urogenital_system,ovary,0.771116,0.858723
NB1,NB,nervous_system,neuroblastoma,0.773695,0.833225
HCC1954,BRCA,breast,breast,0.773784,0.864217
EW-1,UNCLASSIFIED,bone,ewings_sarcoma,0.777388,0.873296
MCF7,BRCA,breast,breast,0.782188,0.822561
RCH-ACV,UNCLASSIFIED,blood,B_cell_leukemia,0.786904,0.902104
NCI-H650,LUAD,lung,lung_NSCLC_adenocarcinoma,0.789513,0.864155
SK-GT-2,STAD,digestive_system,stomach,0.797385,0.852866
KP-2,PAAD,pancreas,pancreas,0.803414,0.826100
ACHN,KIRC,kidney,kidney,0.806989,0.818033
UM-UC-3,BLCA,urogenital_system,bladder,0.808041,0.852300
SNU-C5,COREAD,digestive_system,large_intestine,0.816358,0.829143
TALL-1,ALL,blood,lymphoblastic_T_cell_leukaemia,0.816953,0.879284
SCC-25,HNSC,aero_digestive_tract,head_and_neck,0.825661,0.867144
MHH-CALL-4,-,blood,B_cell_leukemia,0.830247,0.873724
AU565,BRCA,breast,breast,0.830489,0.866493
A498,KIRC,kidney,kidney,0.830693,0.826782
NCI-H290,MESO,lung,mesothelioma,0.831120,0.858310
A204,UNCLASSIFIED,soft_tissue,rhabdomyosarcoma,0.834331,0.825368
KMOE-2,LAML,blood,acute_myeloid_leukaemia,0.837443,0.889336
SBC-3,SCLC,lung,lung_small_cell_carcinoma,0.841421,0.857077
DK-MG,GBM,nervous_system,glioma,0.844718,0.822991
CAPAN-1,PAAD,pancreas,pancreas,0.845041,0.836519
Hs-940-T,SKCM,skin,melanoma,0.846745,0.835298
NCI-H1963,SCLC,lung,lung_small_cell_carcinoma,0.860333,0.872625
LC-2-ad,LUAD,lung,lung_NSCLC_adenocarcinoma,0.869196,0.874425
NCI-H526,SCLC,lung,lung_small_cell_carcinoma,0.876768,0.891987
SU-DHL-4,DLBC,blood,B_cell_lymphoma,0.885720,0.912923
KINGS-1,LGG,nervous_system,glioma,0.888316,0.796123
BE2-M17,NB,nervous_system,neuroblastoma,0.889075,0.859739
JHOS-2,OV,urogenital_system,ovary,0.889535,0.846722
IMR-5,NB,nervous_system,neuroblastoma,0.889952,0.908726
P32-ISH,UNCLASSIFIED,blood,Burkitt_lymphoma,0.893535,0.935595
NCI-H2052,MESO,lung,mesothelioma,0.894782,0.837114
23132-87,STAD,digestive_system,stomach,0.895205,0.863398
ECC12,UNCLASSIFIED,digestive_system,stomach,0.898199,0.884906
LNZTA3WT4,GBM,nervous_system,glioma,0.905619,0.858840
HA7-RCC,KIRC,kidney,kidney,0.907747,0.848956
KYSE-410,ESCA,aero_digestive_tract,oesophagus,0.910386,0.806561
SF126,GBM,nervous_system,glioma,0.911359,0.871952
HCC1500,BRCA,breast,breast,0.913054,0.876776
HCC-366,UNCLASSIFIED,lung,lung_NSCLC_not_specified,0.913882,0.834740
PANC-03-27,PAAD,pancreas,pancreas,0.914757,0.849919
JHOS-4,OV,urogenital_system,ovary,0.915127,0.859322
RH-41,UNCLASSIFIED,soft_tissue,rhabdomyosarcoma,0.919901,0.893148
CAL-78,UNCLASSIFIED,bone,chondrosarcoma,0.927474,0.858795
COLO-800,SKCM,skin,melanoma,0.929300,0.862857
OVCA420,OV,urogenital_system,ovary,0.937366,0.833039
NCI-H1436,SCLC,lung,lung_small_cell_carcinoma,0.939618,0.877275
MOLT-13,ALL,blood,lymphoblastic_T_cell_leukaemia,0.948311,0.907873
MKN28,STAD,digestive_system,stomach,0.954899,0.839110
NCC010,KIRC,kidney,kidney,0.957425,0.882291
KALS-1,LGG,nervous_system,glioma,0.957829,0.842160
COR-L311,SCLC,lung,lung_small_cell_carcinoma,0.961513,0.889548
YMB-1-E,BRCA,breast,breast,0.961641,0.854771
697,UNCLASSIFIED,blood,lymphoblastic_leukemia,0.968258,0.919465
HOS,UNCLASSIFIED,bone,osteosarcoma,0.971902,0.888785
RF-48,STAD,digestive_system,stomach,0.972016,0.874456
NB(TU)1-10,NB,nervous_system,neuroblastoma,0.972457,0.878175
SK-MEL-2,SKCM,skin,melanoma,0.973798,0.885343
OCI-M1,LAML,blood,acute_myeloid_leukaemia,0.974488,0.913522
COLO-684,UCEC,urogenital_system,endometrium,0.974560,0.847319
NCI-H841,SCLC,lung,lung_small_cell_carcinoma,0.974604,0.860183
FTC-133,THCA,thyroid,thyroid,0.977228,0.860619
HL-60,LAML,blood,acute_myeloid_leukaemia,0.978437,0.897729
NCI-H1573,LUAD,lung,lung_NSCLC_adenocarcinoma,0.989474,0.865934
DMS-79,SCLC,lung,lung_small_cell_carcinoma,0.993088,0.888284
SHP-77,SCLC,lung,lung_small_cell_carcinoma,0.995528,0.893000
HeLa,CESC,urogenital_system,cervix,1.000430,0.902487
MFE-280,UCEC,urogenital_system,endometrium,1.023453,0.841338
CHSA0011,UNCLASSIFIED,bone,chondrosarcoma,1.024505,0.836198
JAR,UNCLASSIFIED,urogenital_system,urogenital_system_other,1.030545,0.898385
NAMALWA,UNCLASSIFIED,blood,Burkitt_lymphoma,1.035853,0.914158
BT-20,BRCA,breast,breast,1.040528,0.898441
SW1463,COREAD,digestive_system,large_intestine,1.049082,0.860277
SK-GT-4,ESCA,aero_digestive_tract,oesophagus,1.053435,0.786735
EJM,MM,blood,lymphoid_neoplasm_other,1.053477,0.906985
NCI-H513,MESO,lung,mesothelioma,1.053853,0.821605
GR-ST,ALL,blood,lymphoblastic_leukemia,1.054113,0.859389
Calu-3,LUAD,lung,lung_NSCLC_adenocarcinoma,1.063670,0.825067
ES4,UNCLASSIFIED,bone,ewings_sarcoma,1.067554,0.859243
HT,DLBC,blood,B_cell_lymphoma,1.069171,0.854678
HMV-II,SKCM,skin,melanoma,1.070498,0.845599
NB17,NB,nervous_system,neuroblastoma,1.081866,0.905215
Saos-2,UNCLASSIFIED,bone,osteosarcoma,1.092794,0.872996
HTC-C3,THCA,thyroid,thyroid,1.094730,0.857304
EFM-192A,BRCA,breast,breast,1.098497,0.866396
TK,DLBC,blood,B_cell_lymphoma,1.108928,0.925130
647-V,BLCA,urogenital_system,bladder,1.112187,0.891116
NB10,NB,nervous_system,neuroblastoma,1.113044,0.891398
NCI-H1581,UNCLASSIFIED,lung,lung_NSCLC_large_cell,1.117549,0.890617
RPMI-8226,MM,blood,myeloma,1.118654,0.918089
SiHa,CESC,urogenital_system,cervix,1.119724,0.874757
SIG-M5,LAML,blood,acute_myeloid_leukaemia,1.120155,0.953178
MOLT-16,ALL,blood,lymphoblastic_T_cell_leukaemia,1.124565,0.953025
SNB75,GBM,nervous_system,glioma,1.124598,0.850382
CAL-54,KIRC,kidney,kidney,1.127350,0.844089
JEKO-1,DLBC,blood,B_cell_lymphoma,1.135558,0.916769
Ca9-22,HNSC,aero_digestive_tract,head_and_neck,1.138745,0.880741
CW-2,COREAD,digestive_system,large_intestine,1.140779,0.888132
OVMIU,OV,urogenital_system,ovary,1.145452,0.818401
LB2241-RCC,KIRC,kidney,kidney,1.160613,0.860242
CHP-126,NB,nervous_system,neuroblastoma,1.168853,0.871882
KMRC-1,KIRC,kidney,kidney,1.184910,0.862703
OCUB-M,BRCA,breast,breast,1.189649,0.902502
T24,BLCA,urogenital_system,bladder,1.197946,0.874167
IST-SL1,SCLC,lung,lung_small_cell_carcinoma,1.200367,0.927749
NU-DUL-1,DLBC,blood,B_cell_lymphoma,1.202600,0.929268
GCIY,STAD,digestive_system,stomach,1.223868,0.841090
KMH-2,THCA,thyroid,thyroid,1.224123,0.910285
Mo-T,UNCLASSIFIED,blood,hairy_cell_leukaemia,1.227509,0.877949
NCI-H2591,MESO,lung,mesothelioma,1.228025,0.833503
SK-LMS-1,UNCLASSIFIED,soft_tissue,soft_tissue_other,1.228741,0.878482
8505C,THCA,thyroid,thyroid,1.229318,0.854433
SNU-C1,COREAD,digestive_system,large_intestine,1.235621,0.852773
HPAC,PAAD,pancreas,pancreas,1.242083,0.822240
HEL,LAML,blood,acute_myeloid_leukaemia,1.242581,0.941982
NCI-H82,SCLC,lung,lung_small_cell_carcinoma,1.249472,0.913444
SJSA-1,UNCLASSIFIED,bone,bone_other,1.251533,0.865703
RCM-1,COREAD,digestive_system,large_intestine,1.255280,0.838197
TE-5,ESCA,aero_digestive_tract,oesophagus,1.267040,0.869114
SW780,BLCA,urogenital_system,bladder,1.267957,0.869113
HuTu-80,UNCLASSIFIED,digestive_system,digestive_system_other,1.268942,0.912724
SW1710,BLCA,urogenital_system,bladder,1.270827,0.862885
KATOIII,STAD,digestive_system,stomach,1.282998,0.827294
SK-MEL-30,SKCM,skin,melanoma,1.286947,0.880082
NCI-H146,SCLC,lung,lung_small_cell_carcinoma,1.293921,0.888221
LNCaP-Clone-FGC,PRAD,urogenital_system,prostate,1.328464,0.875823
OVCAR-5,OV,urogenital_system,ovary,1.331030,0.821017
NB7,NB,nervous_system,neuroblastoma,1.331455,0.883029
451Lu,SKCM,skin,melanoma,1.339184,0.889762
EW-12,UNCLASSIFIED,bone,ewings_sarcoma,1.339690,0.919604
D-542MG,GBM,nervous_system,glioma,1.342939,0.856661
B-CPAP,THCA,thyroid,thyroid,1.343798,0.872106
NCI-H520,LUSC,lung,lung_NSCLC_squamous_cell_carcinoma,1.349854,0.865481
KNS-42,LGG,nervous_system,glioma,1.354549,0.861447
OS-RC-2,KIRC,kidney,kidney,1.355177,0.863030
FU97,STAD,digestive_system,stomach,1.367100,0.855335
OVCAR-3,OV,urogenital_system,ovary,1.372603,0.893390
MC-IXC,NB,nervous_system,neuroblastoma,1.373106,0.918424
NCI-H1688,SCLC,lung,lung_small_cell_carcinoma,1.374812,0.919787
T84,COREAD,digestive_system,large_intestine,1.388711,0.888093
OCI-LY-19,DLBC,blood,B_cell_lymphoma,1.393875,0.933758
NCI-H661,UNCLASSIFIED,lung,lung_NSCLC_large_cell,1.398619,0.884374
BHY,HNSC,aero_digestive_tract,head_and_neck,1.410422,0.880071
HAL-01,ALL,blood,lymphoblastic_leukemia,1.422720,0.931208
COLO-829,SKCM,skin,melanoma,1.422755,0.826918
KP-N-YS,NB,nervous_system,neuroblastoma,1.429327,0.919316
MHH-PREB-1,UNCLASSIFIED,blood,B_cell_leukemia,1.441405,0.932436
NCI-H69,SCLC,lung,lung_small_cell_carcinoma,1.443891,0.891412
NB13,NB,nervous_system,neuroblastoma,1.447114,0.913986
D-263MG,GBM,nervous_system,glioma,1.469631,0.884730
BT-549,BRCA,breast,breast,1.475156,0.859612
GOTO,NB,nervous_system,neuroblastoma,1.482083,0.895715
DBTRG-05MG,GBM,nervous_system,glioma,1.496815,0.810201
IGR-37,SKCM,skin,melanoma,1.505175,0.905799
THP-1,LAML,blood,acute_myeloid_leukaemia,1.517438,0.914310
CGTH-W-1,THCA,thyroid,thyroid,1.518565,0.886308
NH-12,NB,nervous_system,neuroblastoma,1.534875,0.884304
NCI-H1651,LUAD,lung,lung_NSCLC_adenocarcinoma,1.537110,0.904396
Jurkat,ALL,blood,T_cell_leukemia,1.537427,0.939980
KYSE-220,ESCA,aero_digestive_tract,oesophagus,1.544116,0.892621
PANC-10-05,PAAD,pancreas,pancreas,1.551178,0.799784
JHH-7,LIHC,digestive_system,liver,1.570602,0.867431
NCI-H250,SCLC,lung,lung_small_cell_carcinoma,1.576644,0.869763
RPMI-8402,ALL,blood,lymphoblastic_T_cell_leukaemia,1.586495,0.941028
SNU-61,COREAD,digestive_system,large_intestine,1.589516,0.888657
LS-1034,COREAD,digestive_system,large_intestine,1.598899,0.904836
NCI-H2731,MESO,lung,mesothelioma,1.599379,0.875387
HT-115,COREAD,digestive_system,large_intestine,1.599992,0.912634
BT-474,BRCA,breast,breast,1.606527,0.860513
RCC-ER,KIRC,kidney,kidney,1.622729,0.904596
TC-71,UNCLASSIFIED,bone,ewings_sarcoma,1.633658,0.931233
A101D,SKCM,skin,melanoma,1.648974,0.883956
Daudi,UNCLASSIFIED,blood,Burkitt_lymphoma,1.655000,0.941722
COR-L279,SCLC,lung,lung_small_cell_carcinoma,1.675168,0.925448
KELLY,NB,nervous_system,neuroblastoma,1.680561,0.940792
NCI-H2342,LUAD,lung,lung_NSCLC_adenocarcinoma,1.684996,0.886344
CAS-1,GBM,nervous_system,glioma,1.692979,0.861309
COLO-783,SKCM,skin,melanoma,1.699923,0.898734
COR-L321,UNCLASSIFIED,lung,lung_other,1.703654,0.926313
SW1417,COREAD,digestive_system,large_intestine,1.723994,0.803616
Hs-766T,PAAD,pancreas,pancreas,1.737027,0.824571
LOUCY,ALL,blood,lymphoblastic_T_cell_leukaemia,1.746719,0.934043
HuP-T3,PAAD,pancreas,pancreas,1.748679,0.852745
LB1047-RCC,KIRC,kidney,kidney,1.752297,0.878011
NCI-H2452,MESO,lung,mesothelioma,1.753445,0.860858
KYAE-1,ESCA,aero_digestive_tract,oesophagus,1.757343,0.923988
HCC70,BRCA,breast,breast,1.759064,0.918076
NCI-H2066,SCLC,lung,lung_small_cell_carcinoma,1.764639,0.848159
G-361,SKCM,skin,melanoma,1.766843,0.905434
KYSE-70,ESCA,aero_digestive_tract,oesophagus,1.770412,0.876846
SNU-398,LIHC,digestive_system,liver,1.773217,0.897785
HSC-4,HNSC,aero_digestive_tract,head_and_neck,1.785232,0.910793
L-428,UNCLASSIFIED,blood,Hodgkin_lymphoma,1.785284,0.941631
DB,DLBC,blood,B_cell_lymphoma,1.786000,0.916082
COR-L23,UNCLASSIFIED,lung,lung_NSCLC_large_cell,1.796019,0.884964
ALL-SIL,ALL,blood,T_cell_leukemia,1.815086,0.949289
COR-L95,SCLC,lung,lung_small_cell_carcinoma,1.818964,0.891810
NCI-H3118,UNCLASSIFIED,aero_digestive_tract,head_and_neck,1.828171,0.889863
MSTO-211H,MESO,lung,mesothelioma,1.832397,0.903106
YAPC,PAAD,pancreas,pancreas,1.838080,0.848840
P31-FUJ,LAML,blood,acute_myeloid_leukaemia,1.842404,0.926661
SISO,CESC,urogenital_system,cervix,1.843204,0.908435
CAL-33,HNSC,aero_digestive_tract,head_and_neck,1.875432,0.913528
SF268,GBM,nervous_system,glioma,1.894157,0.892983
JEG-3,UNCLASSIFIED,urogenital_system,urogenital_system_other,1.907008,0.927395
KYSE-50,ESCA,aero_digestive_tract,oesophagus,1.915981,0.919718
SK-HEP-1,LIHC,digestive_system,liver,1.919635,0.914247
NALM-6,UNCLASSIFIED,blood,B_cell_leukemia,1.934056,0.942065
OV-17R,OV,urogenital_system,ovary,1.936209,0.902882
SJRH30,UNCLASSIFIED,soft_tissue,rhabdomyosarcoma,1.939007,0.939452
MDA-MB-157,BRCA,breast,breast,1.950022,0.911374
MFE-296,UCEC,urogenital_system,endometrium,2.005541,0.921275
RS4-11,ALL,blood,leukemia,2.015124,0.958152
MHH-NB-11,NB,nervous_system,neuroblastoma,2.022499,0.940737
NCI-H2141,SCLC,lung,lung_small_cell_carcinoma,2.030394,0.900137
NEC8,UNCLASSIFIED,urogenital_system,testis,2.064645,0.965222
ES-2,UNCLASSIFIED,urogenital_system,ovary,2.070081,0.905900
EFO-27,UNCLASSIFIED,urogenital_system,ovary,2.091306,0.883442
COLO-320-HSR,COREAD,digestive_system,large_intestine,2.114978,0.941702
CML-T1,LCML,blood,chronic_myeloid_leukaemia,2.119297,0.960303
HuP-T4,PAAD,pancreas,pancreas,2.121015,0.909811
NCI-H835,UNCLASSIFIED,lung,lung_NSCLC_carcinoid,2.135084,0.932422
HT-1376,BLCA,urogenital_system,bladder,2.135087,0.888704
TT2609-C02,THCA,thyroid,thyroid,2.167331,0.854316
LN-405,GBM,nervous_system,glioma,2.182728,0.901806
QGP-1,UNCLASSIFIED,pancreas,pancreas,2.189934,0.872944
NCI-H196,SCLC,lung,lung_small_cell_carcinoma,2.223634,0.924110
CTB-1,DLBC,blood,B_cell_lymphoma,2.252148,0.903019
HCC-33,SCLC,lung,lung_small_cell_carcinoma,2.252246,0.934980
CCRF-CEM,ALL,blood,lymphoblastic_leukemia,2.257499,0.972768
NCI-H1435,LUAD,lung,lung_NSCLC_adenocarcinoma,2.275954,0.954167
SU-DHL-6,DLBC,blood,B_cell_lymphoma,2.276636,0.972730
NOMO-1,LAML,blood,acute_myeloid_leukaemia,2.285642,0.945671
NCI-H2869,MESO,lung,mesothelioma,2.327464,0.894436
MS-1,SCLC,lung,lung_small_cell_carcinoma,2.335354,0.948328
ROS-50,UNCLASSIFIED,blood,B_cell_leukemia,2.337053,0.904620
DND-41,ALL,blood,T_cell_leukemia,2.361532,0.971405
EB2,UNCLASSIFIED,blood,Burkitt_lymphoma,2.396461,0.921448
SNU-407,COREAD,digestive_system,large_intestine,2.400500,0.908435
SK-OV-3,OV,urogenital_system,ovary,2.423329,0.866299
SKN-3,HNSC,aero_digestive_tract,head_and_neck,2.435892,0.916653
ML-1,THCA,thyroid,thyroid,2.436307,0.871075
ZR-75-30,BRCA,breast,breast,2.441898,0.870307
BEN,UNCLASSIFIED,lung,lung_NSCLC_not_specified,2.445398,0.887222
IGR-1,SKCM,skin,melanoma,2.449807,0.935089
D-392MG,GBM,nervous_system,glioma,2.477347,0.896868
H3255,LUAD,lung,lung_NSCLC_adenocarcinoma,2.495159,0.866403
SNU-283,-,-,-,2.499027,0.928075
SN12C,KIRC,kidney,kidney,2.528455,0.914752
SK-N-FI,NB,nervous_system,neuroblastoma,2.528737,0.918771
A673,UNCLASSIFIED,soft_tissue,rhabdomyosarcoma,2.557595,0.938621
MY-M12,ALL,blood,leukemia,2.585632,0.969366
KURAMOCHI,UNCLASSIFIED,urogenital_system,ovary,2.604214,0.888952
KYSE-140,ESCA,aero_digestive_tract,oesophagus,2.614211,0.926694
NCI-H1568,LUAD,lung,lung_NSCLC_adenocarcinoma,2.631219,0.882968
EFM-19,BRCA,breast,breast,2.657380,0.909138
MEG-01,LCML,blood,chronic_myeloid_leukaemia,2.662212,0.941311
HuO-3N1,UNCLASSIFIED,bone,osteosarcoma,2.677676,0.910636
NCI-H28,MESO,lung,mesothelioma,2.690184,0.831582
MOLT-4,ALL,blood,lymphoblastic_leukemia,2.706382,0.970788
KP-3,UNCLASSIFIED,pancreas,pancreas,2.708265,0.932034
EW-3,UNCLASSIFIED,bone,ewings_sarcoma,2.715529,0.920042
PC-3,PRAD,urogenital_system,prostate,2.719493,0.888817
MG-63,UNCLASSIFIED,bone,osteosarcoma,2.737224,0.918143
JHH-6,LIHC,digestive_system,liver,2.737846,0.886219
TGW,NB,nervous_system,neuroblastoma,2.753756,0.941402
SW13,ACC,kidney,adrenal_gland,2.765112,0.940666
JHOS-3,OV,urogenital_system,ovary,2.779272,0.893860
SK-N-DZ,NB,nervous_system,neuroblastoma,2.786845,0.945852
HCC1143,BRCA,breast,breast,2.804341,0.908167
KNS-81-FD,LGG,nervous_system,glioma,2.807328,0.902907
MDA-MB-468,BRCA,breast,breast,2.814601,0.924206
SNU-81,COREAD,digestive_system,large_intestine,2.819052,0.950444
Raji,UNCLASSIFIED,blood,Burkitt_lymphoma,2.827639,0.964231
LC4-1,ALL,blood,lymphoblastic_leukemia,2.831162,0.964551
VMRC-MELG,SKCM,skin,melanoma,2.872355,0.903480
ES6,UNCLASSIFIED,bone,ewings_sarcoma,2.942034,0.895375
Hs-633T,UNCLASSIFIED,soft_tissue,fibrosarcoma,2.947458,0.951881
COLO-680N,ESCA,aero_digestive_tract,oesophagus,2.959004,0.891934
SCC-15,HNSC,aero_digestive_tract,head_and_neck,2.960716,0.916750
LS-123,COREAD,digestive_system,large_intestine,2.968960,0.860122
FU-OV-1,OV,urogenital_system,ovary,2.974315,0.891524
ES5,UNCLASSIFIED,bone,ewings_sarcoma,3.032362,0.945422
EW-13,UNCLASSIFIED,bone,ewings_sarcoma,3.038837,0.939076
RCC-AB,KIRC,kidney,kidney,3.059827,0.901723
A2058,SKCM,skin,melanoma,3.072890,0.953998
HCC1187,BRCA,breast,breast,3.076090,0.946279
TT,THCA,thyroid,thyroid,3.077528,0.852154
NCI-H2595,MESO,lung,mesothelioma,3.081238,0.920546
BICR78,HNSC,aero_digestive_tract,head_and_neck,3.084740,0.906753
JM1,DLBC,blood,B_cell_lymphoma,3.089989,0.987494
U031,KIRC,kidney,kidney,3.094082,0.934486
HCC1395,BRCA,breast,breast,3.100455,0.922718
SW626,OV,urogenital_system,ovary,3.139497,0.875573
PA-TU-8902,PAAD,pancreas,pancreas,3.173101,0.874493
HT-3,CESC,urogenital_system,cervix,3.179398,0.944705
EN,UCEC,urogenital_system,endometrium,3.236868,0.913363
TK10,KIRC,kidney,kidney,3.256115,0.832278
BE-13,ALL,blood,lymphoblastic_leukemia,3.287698,0.951231
SNG-M,UCEC,urogenital_system,endometrium,3.317617,0.948382
P30-OHK,ALL,blood,lymphoblastic_leukemia,3.370041,0.982187
KGN,UNCLASSIFIED,urogenital_system,ovary,3.401213,0.924104
HCC1599,BRCA,breast,breast,3.434120,0.914487
CAMA-1,BRCA,breast,breast,3.438782,0.946349
EW-16,UNCLASSIFIED,bone,ewings_sarcoma,3.441888,0.929335
SW156,KIRC,kidney,kidney,3.455182,0.920498
COR-L88,SCLC,lung,lung_small_cell_carcinoma,3.482313,0.938344
COLO-678,COREAD,digestive_system,large_intestine,3.513796,0.843918
NCI-H2172,UNCLASSIFIED,lung,lung_NSCLC_not_specified,3.527864,0.942457
NB14,NB,nervous_system,neuroblastoma,3.576038,0.967034
CA46,UNCLASSIFIED,blood,Burkitt_lymphoma,3.583030,0.942064
SNU-423,LIHC,digestive_system,liver,3.599976,0.918842
OV-56,OV,urogenital_system,ovary,3.603253,0.926164
TMK-1,STAD,digestive_system,stomach,3.605696,0.937914
ES1,UNCLASSIFIED,bone,ewings_sarcoma,3.637699,0.956588
U-CH2,-,-,-,3.644007,0.910762
KP-1N,PAAD,pancreas,pancreas,3.674221,0.931752
IST-MES1,MESO,lung,mesothelioma,3.682697,0.916279
8305C,THCA,thyroid,thyroid,3.815077,0.901239
CAL-120,BRCA,breast,breast,3.827689,0.868820
IST-SL2,SCLC,lung,lung_small_cell_carcinoma,3.877188,0.941963
NCI-H209,SCLC,lung,lung_small_cell_carcinoma,3.880764,0.960960
PANC-04-03,PAAD,pancreas,pancreas,3.894822,0.827341
MEL-HO,SKCM,skin,melanoma,3.940033,0.942593
NB12,NB,nervous_system,neuroblastoma,4.018679,0.935841
SNU-387,LIHC,digestive_system,liver,4.025148,0.910999
CAKI-1,KIRC,kidney,kidney,4.047016,0.896582
HH,UNCLASSIFIED,blood,T_cell_leukemia,4.060334,0.940643
KYSE-450,ESCA,aero_digestive_tract,oesophagus,4.078954,0.931876
TGBC1TKB,UNCLASSIFIED,digestive_system,biliary_tract,4.113285,0.912085
NCI-H748,SCLC,lung,lung_small_cell_carcinoma,4.116883,0.950245
RL95-2,UNCLASSIFIED,urogenital_system,endometrium,4.137884,0.945901
PC-3_[JPC-3],LUAD,lung,lung_NSCLC_adenocarcinoma,4.146856,0.908383
Mewo,SKCM,skin,melanoma,4.161536,0.925722
PEO1,OV,urogenital_system,ovary,4.161789,0.904762
VAL,DLBC,blood,B_cell_lymphoma,4.179122,0.958326
OVTOKO,OV,urogenital_system,ovary,4.186380,0.915258
MDA-MB-436,BRCA,breast,breast,4.189290,0.925640
HT-1197,BLCA,urogenital_system,bladder,4.300788,0.923974
RERF-GC-1B,STAD,digestive_system,stomach,4.322210,0.943524
SUP-B15,ALL,blood,lymphoblastic_leukemia,4.332980,0.984855
NCI-H727,UNCLASSIFIED,lung,lung_NSCLC_carcinoid,4.345132,0.908780
SUIT-2,PAAD,pancreas,pancreas,4.355002,0.910427
ChaGo-K-1,UNCLASSIFIED,lung,lung_NSCLC_not_specified,4.369044,0.954003
PANC-08-13,PAAD,pancreas,pancreas,4.374218,0.915981
no-11,LGG,nervous_system,glioma,4.391847,0.915999
HCC-827,LUAD,lung,lung_NSCLC_adenocarcinoma,4.401981,0.904322
D-502MG,LGG,nervous_system,glioma,4.442983,0.904222
JHH-1,LIHC,digestive_system,liver,4.457104,0.932509
BL-41,UNCLASSIFIED,blood,Burkitt_lymphoma,4.457256,0.997393
RH-1,UNCLASSIFIED,soft_tissue,rhabdomyosarcoma,4.461026,0.982579
HCC1428,BRCA,breast,breast,4.534235,0.902375
HCC-78,LUAD,lung,lung_NSCLC_adenocarcinoma,4.534557,0.925793
NCI-H2722,MESO,lung,mesothelioma,4.555384,0.862262
U-266,MM,blood,myeloma,4.599233,0.940197
EW-18,UNCLASSIFIED,bone,ewings_sarcoma,4.613031,0.948794
OVCAR-4,OV,urogenital_system,ovary,4.618566,0.937218
Ramos-2G6-4C10,UNCLASSIFIED,blood,Burkitt_lymphoma,4.802940,0.992618
GB-1,GBM,nervous_system,glioma,4.896441,0.916527
NCI-H2081,SCLC,lung,lung_small_cell_carcinoma,4.947632,0.943933
HuCCT1,UNCLASSIFIED,digestive_system,biliary_tract,4.953697,0.921994
C2BBe1,COREAD,digestive_system,large_intestine,4.999970,0.899697
A704,KIRC,kidney,kidney,5.017214,0.944108
KARPAS-231,UNCLASSIFIED,blood,B_cell_leukemia,5.019758,0.982886
UACC-257,SKCM,skin,melanoma,5.060580,0.926095
NCI-H2291,LUAD,lung,lung_NSCLC_adenocarcinoma,5.104720,0.890624
NCCIT,-,urogenital_system,testis,5.213885,0.959886
MDA-MB-231,BRCA,breast,breast,5.233744,0.954872
SU8686,PAAD,pancreas,pancreas,5.262844,0.916639
KARPAS-1106P,DLBC,blood,B_cell_lymphoma,5.523039,0.979638
KG-1,LAML,blood,acute_myeloid_leukaemia,5.616053,0.976593
NCI-H596,UNCLASSIFIED,lung,lung_NSCLC_adenocarcinoma,5.660022,0.938616
SK-N-SH,NB,nervous_system,neuroblastoma,5.727380,0.946630
NCI-H2135,UNCLASSIFIED,lung,lung_NSCLC_not_specified,5.819207,0.893303
NCI-H226,LUSC,lung,lung_NSCLC_squamous_cell_carcinoma,5.826359,0.882970
HuH-7,LIHC,digestive_system,liver,5.892674,0.942818
C-33-A,CESC,urogenital_system,cervix,5.968658,0.957734
SK-N-AS,NB,nervous_system,neuroblastoma,6.058054,0.939875
NCI-H2803,MESO,lung,mesothelioma,6.210044,0.951441
SU-DHL-8,DLBC,blood,B_cell_lymphoma,6.279928,0.995077
JHH-2,LIHC,digestive_system,liver,6.396206,0.943719
MKN1,UNCLASSIFIED,digestive_system,stomach,6.483385,0.933027
ME-1,LAML,blood,acute_myeloid_leukaemia,6.493930,0.975019
EW-22,UNCLASSIFIED,bone,ewings_sarcoma,6.512227,0.962344
RCC-MF,KIRC,kidney,kidney,6.548731,0.962494
NOS-1,UNCLASSIFIED,bone,osteosarcoma,6.550966,0.969606
CPC-N,SCLC,lung,lung_small_cell_carcinoma,6.577105,0.972019
SK-MEL-31,SKCM,skin,melanoma,6.728364,0.939805
SCH,UNCLASSIFIED,digestive_system,stomach,6.822049,0.960004
SBC-1,SCLC,lung,lung_small_cell_carcinoma,6.874393,0.958360
NCI-H1838,LUAD,lung,lung_NSCLC_adenocarcinoma,7.126312,0.919170
NUGC-4,STAD,digestive_system,stomach,7.213011,0.910750
CP66-MEL,SKCM,skin,melanoma,7.331698,0.942424
KP-N-YN,NB,nervous_system,neuroblastoma,7.348223,0.939074
EKVX,LUAD,lung,lung_NSCLC_adenocarcinoma,7.391988,0.911320
NCI-H2818,MESO,lung,mesothelioma,7.393365,0.947967
DMS-114,SCLC,lung,lung_small_cell_carcinoma,7.439657,0.961178
NCI-H446,SCLC,lung,lung_small_cell_carcinoma,7.459187,0.970240
LU-165,SCLC,lung,lung_small_cell_carcinoma,7.480342,0.917818
MN-60,UNCLASSIFIED,blood,B_cell_leukemia,7.524229,0.961512
NCI-H2085,LUAD,lung,lung_NSCLC_adenocarcinoma,7.581731,0.947417
RO82-W-1,THCA,thyroid,thyroid,7.706123,0.877162
REH,UNCLASSIFIED,blood,B_cell_leukemia,7.775116,0.987747
LB373-MEL-D,SKCM,skin,melanoma,7.896196,0.970150
NCI-H2227,SCLC,lung,lung_small_cell_carcinoma,7.966039,0.939881
NCI-H1563,LUAD,lung,lung_NSCLC_adenocarcinoma,8.048141,0.961215
NCI-H2804,MESO,lung,mesothelioma,8.100659,0.934887
EB-3,UNCLASSIFIED,blood,Burkitt_lymphoma,8.370164,0.963892
NCI-H2405,LUAD,lung,lung_NSCLC_adenocarcinoma,8.539538,0.892152
KLE,UCEC,urogenital_system,endometrium,8.592297,0.914756
GRANTA-519,DLBC,blood,B_cell_lymphoma,8.845644,0.967114
NCI-H2347,LUAD,lung,lung_NSCLC_adenocarcinoma,8.853725,0.906378
LAN-6,NB,nervous_system,neuroblastoma,8.883364,0.965292
CHSA0108,UNCLASSIFIED,bone,chondrosarcoma,8.931116,0.938632
SK-MM-2,MM,blood,myeloma,9.260151,0.965935
SK-PN-DW,UNCLASSIFIED,bone,ewings_sarcoma,9.299759,0.979669
NCI-H1876,SCLC,lung,lung_small_cell_carcinoma,9.473449,0.975665
NCI-H1694,SCLC,lung,lung_small_cell_carcinoma,9.616632,0.979149
SW1116,COREAD,digestive_system,large_intestine,9.720033,0.956971
Caov-4,OV,urogenital_system,ovary,9.865095,0.949275
BT-483,BRCA,breast,breast,10.092909,0.891247
EW-24,UNCLASSIFIED,bone,ewings_sarcoma,10.341386,0.952488
SK-MEL-3,SKCM,skin,melanoma,10.378243,0.968853
NCI-H740,-,lung,lung_other,10.517613,0.954909
SW1573,LUAD,lung,lung_NSCLC_adenocarcinoma,10.574890,0.933277
CHSA8926,UNCLASSIFIED,bone,chondrosarcoma,10.610646,0.961546
MMAc-SF,SKCM,skin,melanoma,10.660134,0.964151
OVKATE,OV,urogenital_system,ovary,10.741574,0.898466
22RV1,PRAD,urogenital_system,prostate,10.878578,0.942765
AsPC-1,PAAD,pancreas,pancreas,11.150037,0.881468
LCLC-103H,UNCLASSIFIED,lung,lung_NSCLC_large_cell,11.267767,0.958558
NCI-H1623,LUAD,lung,lung_NSCLC_adenocarcinoma,11.329337,0.963176
NCI-H524,SCLC,lung,lung_small_cell_carcinoma,11.400304,0.988156
SW1271,SCLC,lung,lung_small_cell_carcinoma,11.484822,0.914438
NCI-H1092,SCLC,lung,lung_small_cell_carcinoma,12.128471,0.965448
KARPAS-620,MM,blood,haematopoietic_neoplasm_other,12.391877,0.984536
EFO-21,OV,urogenital_system,ovary,12.427647,0.900483
A4-Fuk,DLBC,blood,B_cell_lymphoma,12.580967,0.988704
J82,BLCA,urogenital_system,bladder,12.636903,0.961833
EW-11,UNCLASSIFIED,bone,ewings_sarcoma,12.687010,0.969959
LP-1,MM,blood,myeloma,13.056089,0.979025
NCC021,KIRC,kidney,kidney,13.227003,0.959886
SK-MEL-1,SKCM,skin,melanoma,13.467655,0.962440
MZ7-mel,SKCM,skin,melanoma,13.489011,0.977347
MLMA,UNCLASSIFIED,blood,hairy_cell_leukaemia,13.640933,0.987160
T47D,BRCA,breast,breast,14.222248,0.974410
UACC-812,BRCA,breast,breast,14.521508,0.962385
LU-139,SCLC,lung,lung_small_cell_carcinoma,14.693230,0.978609
CL-11,COREAD,digestive_system,large_intestine,15.034840,0.935056
NCI-H660,OTHER,urogenital_system,prostate,15.225346,0.993277
VMRC-RCZ,KIRC,kidney,kidney,15.304918,0.919704
VCaP,PRAD,urogenital_system,prostate,15.356562,0.960772
ECC10,UNCLASSIFIED,digestive_system,stomach,15.537608,0.989414
NCI-H2029,SCLC,lung,lung_small_cell_carcinoma,15.640627,0.985856
SNU-C2B,COREAD,digestive_system,large_intestine,15.669668,0.938996
H-EMC-SS,UNCLASSIFIED,bone,chondrosarcoma,16.468439,0.945178
LB647-SCLC,SCLC,lung,lung_small_cell_carcinoma,16.718603,0.986739
TGBC24TKB,UNCLASSIFIED,digestive_system,biliary_tract,17.185917,0.964739
CAL-72,UNCLASSIFIED,bone,osteosarcoma,17.206778,0.970668
CADO-ES1,UNCLASSIFIED,bone,ewings_sarcoma,17.358522,0.990082
OVISE,OV,urogenital_system,ovary,17.574976,0.968246
HEC-1,UCEC,urogenital_system,endometrium,17.662033,0.974117
NB6,NB,nervous_system,neuroblastoma,18.843398,0.982065
NMC-G1,LGG,nervous_system,glioma,19.875274,0.893155
NCI-H64,SCLC,lung,lung_small_cell_carcinoma,20.235376,0.974758
MKN7,STAD,digestive_system,stomach,20.333134,0.958031
LB771-HNC,HNSC,aero_digestive_tract,head_and_neck,21.856797,0.970813
ONS-76,MB,nervous_system,medulloblastoma,22.975859,0.976026
GCT,UNCLASSIFIED,soft_tissue,soft_tissue_other,24.219645,0.976275
UWB1.289,OV,urogenital_system,ovary,24.473870,0.973419
NCI-H1793,LUAD,lung,lung_NSCLC_adenocarcinoma,24.816868,0.944076
NCI-H1693,LUAD,lung,lung_NSCLC_adenocarcinoma,25.493267,0.939828
UMC-11,UNCLASSIFIED,lung,lung_NSCLC_carcinoid,29.709627,0.982784
RVH-421,SKCM,skin,melanoma,30.266110,0.986021
SIMA,NB,nervous_system,neuroblastoma,31.623653,0.988761
RKN,UNCLASSIFIED,urogenital_system,ovary,31.807952,0.972404
VMRC-LCD,LUAD,lung,lung_NSCLC_adenocarcinoma,32.104031,0.979056
NCI-H1105,SCLC,lung,lung_small_cell_carcinoma,32.432118,0.991298
SNU-449,LIHC,digestive_system,liver,32.494631,0.951282
JHH-4,LIHC,digestive_system,liver,34.133101,0.976394
ABC-1,LUAD,lung,lung_NSCLC_adenocarcinoma,35.384899,0.980636
G-292-Clone-A141B1,UNCLASSIFIED,bone,osteosarcoma,35.573516,0.973505
COR-L105,LUAD,lung,lung_NSCLC_adenocarcinoma,36.249092,0.963526
NCI-H345,SCLC,lung,lung_small_cell_carcinoma,37.688641,0.973001
SK-MEL-5,SKCM,skin,melanoma,39.796302,0.984658
NCI-H810,UNCLASSIFIED,lung,lung_NSCLC_large_cell,44.305933,0.985959
NCI-H1836,SCLC,lung,lung_small_cell_carcinoma,45.992758,0.978116
MZ1-PC,PAAD,pancreas,pancreas,46.434126,0.963943
RMG-I,UNCLASSIFIED,urogenital_system,ovary,48.390375,0.933638
DMS-53,SCLC,lung,lung_small_cell_carcinoma,49.072028,0.989690
OAW-28,OV,urogenital_system,ovary,50.523127,0.988523
IA-LM,UNCLASSIFIED,lung,lung_NSCLC_large_cell,51.124792,0.988681
VMRC-RCW,KIRC,kidney,kidney,77.937605,0.974348
RCC10RGB,KIRC,kidney,kidney,78.764555,0.961082
NCI-H2444,UNCLASSIFIED,lung,lung_NSCLC_not_specified,85.793583,0.985189
NCI-H441,LUAD,lung,lung_NSCLC_adenocarcinoma,103.568955,0.953221
SW756,CESC,urogenital_system,cervix,151.475965,0.986244